0	59.5625	0
1	74.0	0
2	88.4375	0
3	102.875	0
4	117.3125	0
5	131.75	0
6	146.1875	0
7	160.625	0
8	175.0625	0
9	189.5	0
10	203.9375	0
11	218.375	0
12	232.8125	0
13	247.25	0
14	261.6875	0
15	276.125	0
16	290.5625	0
17	305.0	0
18	319.4375	0
19	333.875	0
20	348.3125	0
21	362.75	0
22	377.1875	0
23	391.625	0
24	406.0625	0
25	420.5	0
26	434.9375	0
27	449.375	0
28	463.8125	0
29	478.25	0
30	492.6875	0
31	507.125	0
32	521.5625	0
33	536.0	0
34	550.4375	0
35	564.875	0
36	579.3125	0
37	593.75	0
38	608.1875	0
39	622.625	0
40	637.0625	0
41	651.5	0
42	665.9375	0
43	680.375	0
44	694.8125	0
45	709.25	0
46	723.6875	0
47	738.125	0
48	752.5625	0
49	767.0	0
50	781.4375	0
51	795.875	0
52	810.3125	0
53	824.75	0
54	839.1875	0
55	853.625	0
56	868.0625	0
57	882.5	0
58	896.9375	0
59	911.375	1
60	925.8125	0
61	940.25	0
62	954.6875	0
63	969.125	0
64	983.5625	0
65	998.0	0
66	1012.4375	1
67	1026.875	21
68	1041.3125	474
69	1055.75	3180
70	1070.1875	8322
71	1084.625	10165
72	1099.0625	9883
73	1113.5	9483
74	1127.9375	9271
75	1142.375	8755
76	1156.8125	8635
77	1171.25	8553
78	1185.6875	8555
79	1200.125	8710
80	1214.5625	8938
81	1229.0	9603
82	1243.4375	10563
83	1257.875	12054
84	1272.3125	13885
85	1286.75	16428
86	1301.1875	19201
87	1315.625	22176
88	1330.0625	24064
89	1344.5	23884
90	1358.9375	22917
91	1373.375	19478
92	1387.8125	16616
93	1402.25	12841
94	1416.6875	10003
95	1431.125	8277
96	1445.5625	6796
97	1460.0	5735
98	1474.4375	4999
99	1488.875	4486
100	1503.3125	4058
101	1517.75	3846
102	1532.1875	3731
103	1546.625	3525
104	1561.0625	3502
105	1575.5	3451
106	1589.9375	3527
107	1604.375	3616
108	1618.8125	3826
109	1633.25	3771
110	1647.6875	3700
111	1662.125	3471
112	1676.5625	3304
113	1691.0	3165
114	1705.4375	2913
115	1719.875	2780
116	1734.3125	2612
117	1748.75	2569
118	1763.1875	2446
119	1777.625	2279
120	1792.0625	2249
121	1806.5	2127
122	1820.9375	2124
123	1835.375	2093
124	1849.8125	2074
125	1864.25	2191
126	1878.6875	2134
127	1893.125	2138
128	1907.5625	2255
129	1922.0	2317
130	1936.4375	2496
131	1950.875	2505
132	1965.3125	2509
133	1979.75	2468
134	1994.1875	2526
135	2008.625	2471
136	2023.0625	2326
137	2037.5	2330
138	2051.9375	2190
139	2066.375	2175
140	2080.8125	2111
141	2095.25	2033
142	2109.6875	1951
143	2124.125	1831
144	2138.5625	1753
145	2153.0	1600
146	2167.4375	1541
147	2181.875	1430
148	2196.3125	1379
149	2210.75	1291
150	2225.1875	1234
151	2239.625	1126
152	2254.0625	1126
153	2268.5	1040
154	2282.9375	1047
155	2297.375	971
156	2311.8125	1040
157	2326.25	1129
158	2340.6875	1250
159	2355.125	1345
160	2369.5625	1527
161	2384.0	1633
162	2398.4375	1730
163	2412.875	1675
164	2427.3125	1584
165	2441.75	1484
166	2456.1875	1276
167	2470.625	1102
168	2485.0625	899
169	2499.5	803
170	2513.9375	687
171	2528.375	617
172	2542.8125	562
173	2557.25	471
174	2571.6875	439
175	2586.125	424
176	2600.5625	349
177	2615.0	359
178	2629.4375	351
179	2643.875	326
180	2658.3125	279
181	2672.75	288
182	2687.1875	326
183	2701.625	295
184	2716.0625	282
185	2730.5	307
186	2744.9375	271
187	2759.375	317
188	2773.8125	270
189	2788.25	264
190	2802.6875	286
191	2817.125	272
192	2831.5625	282
193	2846.0	313
194	2860.4375	298
195	2874.875	263
196	2889.3125	270
197	2903.75	309
198	2918.1875	270
199	2932.625	267
200	2947.0625	260
201	2961.5	283
202	2975.9375	261
203	2990.375	250
204	3004.8125	267
205	3019.25	252
206	3033.6875	276
207	3048.125	256
208	3062.5625	257
209	3077.0	264
210	3091.4375	236
211	3105.875	256
212	3120.3125	260
213	3134.75	287
214	3149.1875	252
215	3163.625	237
216	3178.0625	265
217	3192.5	254
218	3206.9375	249
219	3221.375	275
220	3235.8125	272
221	3250.25	250
222	3264.6875	269
223	3279.125	252
224	3293.5625	263
225	3308.0	256
226	3322.4375	283
227	3336.875	229
228	3351.3125	256
229	3365.75	256
230	3380.1875	258
231	3394.625	285
232	3409.0625	277
233	3423.5	254
234	3437.9375	271
235	3452.375	282
236	3466.8125	249
237	3481.25	239
238	3495.6875	232
239	3510.125	275
240	3524.5625	230
241	3539.0	238
242	3553.4375	234
243	3567.875	246
244	3582.3125	243
245	3596.75	240
246	3611.1875	241
247	3625.625	258
248	3640.0625	216
249	3654.5	237
250	3668.9375	232
251	3683.375	243
252	3697.8125	240
253	3712.25	219
254	3726.6875	260
255	3741.125	200
256	3755.5625	230
257	3770.0	242
258	3784.4375	260
259	3798.875	221
260	3813.3125	230
261	3827.75	230
262	3842.1875	202
263	3856.625	221
264	3871.0625	230
265	3885.5	209
266	3899.9375	227
267	3914.375	247
268	3928.8125	225
269	3943.25	224
270	3957.6875	219
271	3972.125	222
272	3986.5625	230
273	4001.0	232
274	4015.4375	222
275	4029.875	230
276	4044.3125	249
277	4058.75	249
278	4073.1875	193
279	4087.625	245
280	4102.0625	208
281	4116.5	227
282	4130.9375	214
283	4145.375	204
284	4159.8125	219
285	4174.25	225
286	4188.6875	218
287	4203.125	250
288	4217.5625	209
289	4232.0	195
290	4246.4375	205
291	4260.875	216
292	4275.3125	207
293	4289.75	223
294	4304.1875	223
295	4318.625	220
296	4333.0625	214
297	4347.5	185
298	4361.9375	206
299	4376.375	224
300	4390.8125	213
301	4405.25	229
302	4419.6875	209
303	4434.125	221
304	4448.5625	206
305	4463.0	219
306	4477.4375	246
307	4491.875	228
308	4506.3125	199
309	4520.75	220
310	4535.1875	215
311	4549.625	220
312	4564.0625	202
313	4578.5	236
314	4592.9375	214
315	4607.375	216
316	4621.8125	205
317	4636.25	186
318	4650.6875	211
319	4665.125	201
320	4679.5625	209
321	4694.0	201
322	4708.4375	210
323	4722.875	205
324	4737.3125	187
325	4751.75	189
326	4766.1875	192
327	4780.625	212
328	4795.0625	206
329	4809.5	201
330	4823.9375	213
331	4838.375	179
332	4852.8125	202
333	4867.25	204
334	4881.6875	200
335	4896.125	190
336	4910.5625	213
337	4925.0	184
338	4939.4375	224
339	4953.875	176
340	4968.3125	200
341	4982.75	203
342	4997.1875	189
343	5011.625	206
344	5026.0625	204
345	5040.5	195
346	5054.9375	209
347	5069.375	163
348	5083.8125	199
349	5098.25	191
350	5112.6875	213
351	5127.125	194
352	5141.5625	190
353	5156.0	220
354	5170.4375	206
355	5184.875	209
356	5199.3125	196
357	5213.75	205
358	5228.1875	180
359	5242.625	183
360	5257.0625	198
361	5271.5	204
362	5285.9375	223
363	5300.375	181
364	5314.8125	149
365	5329.25	203
366	5343.6875	210
367	5358.125	194
368	5372.5625	181
369	5387.0	173
370	5401.4375	193
371	5415.875	175
372	5430.3125	185
373	5444.75	163
374	5459.1875	178
375	5473.625	198
376	5488.0625	174
377	5502.5	170
378	5516.9375	160
379	5531.375	201
380	5545.8125	172
381	5560.25	163
382	5574.6875	181
383	5589.125	165
384	5603.5625	188
385	5618.0	182
386	5632.4375	165
387	5646.875	176
388	5661.3125	168
389	5675.75	175
390	5690.1875	168
391	5704.625	177
392	5719.0625	143
393	5733.5	164
394	5747.9375	170
395	5762.375	165
396	5776.8125	181
397	5791.25	190
398	5805.6875	181
399	5820.125	185
400	5834.5625	165
401	5849.0	185
402	5863.4375	204
403	5877.875	191
404	5892.3125	172
405	5906.75	166
406	5921.1875	185
407	5935.625	188
408	5950.0625	183
409	5964.5	180
410	5978.9375	187
411	5993.375	178
412	6007.8125	177
413	6022.25	185
414	6036.6875	159
415	6051.125	180
416	6065.5625	169
417	6080.0	179
418	6094.4375	191
419	6108.875	146
420	6123.3125	196
421	6137.75	202
422	6152.1875	172
423	6166.625	186
424	6181.0625	163
425	6195.5	176
426	6209.9375	173
427	6224.375	176
428	6238.8125	172
429	6253.25	174
430	6267.6875	186
431	6282.125	180
432	6296.5625	157
433	6311.0	162
434	6325.4375	177
435	6339.875	161
436	6354.3125	149
437	6368.75	179
438	6383.1875	182
439	6397.625	161
440	6412.0625	181
441	6426.5	139
442	6440.9375	197
443	6455.375	179
444	6469.8125	160
445	6484.25	149
446	6498.6875	174
447	6513.125	158
448	6527.5625	169
449	6542.0	171
450	6556.4375	173
451	6570.875	158
452	6585.3125	155
453	6599.75	173
454	6614.1875	170
455	6628.625	145
456	6643.0625	168
457	6657.5	161
458	6671.9375	159
459	6686.375	159
460	6700.8125	157
461	6715.25	127
462	6729.6875	147
463	6744.125	166
464	6758.5625	179
465	6773.0	163
466	6787.4375	143
467	6801.875	166
468	6816.3125	144
469	6830.75	163
470	6845.1875	182
471	6859.625	167
472	6874.0625	143
473	6888.5	171
474	6902.9375	142
475	6917.375	148
476	6931.8125	174
477	6946.25	182
478	6960.6875	166
479	6975.125	174
480	6989.5625	159
481	7004.0	174
482	7018.4375	139
483	7032.875	161
484	7047.3125	156
485	7061.75	150
486	7076.1875	168
487	7090.625	156
488	7105.0625	148
489	7119.5	146
490	7133.9375	170
491	7148.375	160
492	7162.8125	190
493	7177.25	180
494	7191.6875	158
495	7206.125	191
496	7220.5625	147
497	7235.0	173
498	7249.4375	148
499	7263.875	194
500	7278.3125	154
501	7292.75	157
502	7307.1875	143
503	7321.625	161
504	7336.0625	168
505	7350.5	172
506	7364.9375	162
507	7379.375	156
508	7393.8125	157
509	7408.25	201
510	7422.6875	164
511	7437.125	163
512	7451.5625	158
513	7466.0	164
514	7480.4375	163
515	7494.875	149
516	7509.3125	149
517	7523.75	160
518	7538.1875	162
519	7552.625	152
520	7567.0625	160
521	7581.5	153
522	7595.9375	156
523	7610.375	128
524	7624.8125	172
525	7639.25	153
526	7653.6875	148
527	7668.125	163
528	7682.5625	156
529	7697.0	178
530	7711.4375	165
531	7725.875	161
532	7740.3125	170
533	7754.75	165
534	7769.1875	163
535	7783.625	166
536	7798.0625	167
537	7812.5	160
538	7826.9375	155
539	7841.375	168
540	7855.8125	169
541	7870.25	158
542	7884.6875	149
543	7899.125	141
544	7913.5625	150
545	7928.0	143
546	7942.4375	176
547	7956.875	164
548	7971.3125	149
549	7985.75	156
550	8000.1875	149
551	8014.625	157
552	8029.0625	156
553	8043.5	155
554	8057.9375	169
555	8072.375	138
556	8086.8125	163
557	8101.25	124
558	8115.6875	187
559	8130.125	159
560	8144.5625	151
561	8159.0	163
562	8173.4375	151
563	8187.875	150
564	8202.3125	129
565	8216.75	166
566	8231.1875	144
567	8245.625	173
568	8260.0625	184
569	8274.5	151
570	8288.9375	141
571	8303.375	145
572	8317.8125	179
573	8332.25	149
574	8346.6875	159
575	8361.125	129
576	8375.5625	144
577	8390.0	140
578	8404.4375	128
579	8418.875	144
580	8433.3125	155
581	8447.75	162
582	8462.1875	174
583	8476.625	146
584	8491.0625	157
585	8505.5	158
586	8519.9375	148
587	8534.375	161
588	8548.8125	166
589	8563.25	166
590	8577.6875	154
591	8592.125	164
592	8606.5625	160
593	8621.0	146
594	8635.4375	178
595	8649.875	170
596	8664.3125	175
597	8678.75	134
598	8693.1875	143
599	8707.625	150
600	8722.0625	147
601	8736.5	168
602	8750.9375	177
603	8765.375	137
604	8779.8125	164
605	8794.25	167
606	8808.6875	159
607	8823.125	154
608	8837.5625	160
609	8852.0	161
610	8866.4375	149
611	8880.875	145
612	8895.3125	160
613	8909.75	174
614	8924.1875	146
615	8938.625	169
616	8953.0625	145
617	8967.5	144
618	8981.9375	155
619	8996.375	171
620	9010.8125	156
621	9025.25	152
622	9039.6875	152
623	9054.125	154
624	9068.5625	151
625	9083.0	157
626	9097.4375	166
627	9111.875	152
628	9126.3125	172
629	9140.75	175
630	9155.1875	166
631	9169.625	165
632	9184.0625	167
633	9198.5	160
634	9212.9375	127
635	9227.375	154
636	9241.8125	160
637	9256.25	151
638	9270.6875	166
639	9285.125	147
640	9299.5625	146
641	9314.0	158
642	9328.4375	136
643	9342.875	172
644	9357.3125	131
645	9371.75	151
646	9386.1875	159
647	9400.625	153
648	9415.0625	165
649	9429.5	149
650	9443.9375	173
651	9458.375	135
652	9472.8125	151
653	9487.25	150
654	9501.6875	154
655	9516.125	132
656	9530.5625	172
657	9545.0	164
658	9559.4375	144
659	9573.875	148
660	9588.3125	139
661	9602.75	142
662	9617.1875	163
663	9631.625	164
664	9646.0625	171
665	9660.5	161
666	9674.9375	165
667	9689.375	166
668	9703.8125	164
669	9718.25	158
670	9732.6875	184
671	9747.125	151
672	9761.5625	152
673	9776.0	167
674	9790.4375	149
675	9804.875	151
676	9819.3125	148
677	9833.75	165
678	9848.1875	135
679	9862.625	162
680	9877.0625	170
681	9891.5	142
682	9905.9375	150
683	9920.375	157
684	9934.8125	166
685	9949.25	146
686	9963.6875	155
687	9978.125	153
688	9992.5625	133
689	10007.0	132
690	10021.4375	162
691	10035.875	151
692	10050.3125	168
693	10064.75	172
694	10079.1875	148
695	10093.625	148
696	10108.0625	142
697	10122.5	152
698	10136.9375	137
699	10151.375	145
700	10165.8125	169
701	10180.25	170
702	10194.6875	150
703	10209.125	168
704	10223.5625	161
705	10238.0	156
706	10252.4375	155
707	10266.875	151
708	10281.3125	165
709	10295.75	168
710	10310.1875	155
711	10324.625	166
712	10339.0625	126
713	10353.5	166
714	10367.9375	151
715	10382.375	148
716	10396.8125	157
717	10411.25	148
718	10425.6875	152
719	10440.125	150
720	10454.5625	143
721	10469.0	137
722	10483.4375	147
723	10497.875	161
724	10512.3125	144
725	10526.75	162
726	10541.1875	180
727	10555.625	167
728	10570.0625	166
729	10584.5	151
730	10598.9375	165
731	10613.375	153
732	10627.8125	168
733	10642.25	140
734	10656.6875	154
735	10671.125	164
736	10685.5625	143
737	10700.0	166
738	10714.4375	159
739	10728.875	152
740	10743.3125	171
741	10757.75	166
742	10772.1875	176
743	10786.625	170
744	10801.0625	170
745	10815.5	161
746	10829.9375	170
747	10844.375	152
748	10858.8125	165
749	10873.25	161
750	10887.6875	148
751	10902.125	164
752	10916.5625	165
753	10931.0	150
754	10945.4375	164
755	10959.875	180
756	10974.3125	176
757	10988.75	147
758	11003.1875	142
759	11017.625	161
760	11032.0625	163
761	11046.5	167
762	11060.9375	164
763	11075.375	184
764	11089.8125	162
765	11104.25	163
766	11118.6875	162
767	11133.125	142
768	11147.5625	176
769	11162.0	153
770	11176.4375	174
771	11190.875	195
772	11205.3125	155
773	11219.75	179
774	11234.1875	158
775	11248.625	181
776	11263.0625	177
777	11277.5	174
778	11291.9375	180
779	11306.375	202
780	11320.8125	169
781	11335.25	169
782	11349.6875	155
783	11364.125	150
784	11378.5625	153
785	11393.0	175
786	11407.4375	148
787	11421.875	171
788	11436.3125	173
789	11450.75	166
790	11465.1875	162
791	11479.625	181
792	11494.0625	171
793	11508.5	170
794	11522.9375	150
795	11537.375	175
796	11551.8125	169
797	11566.25	180
798	11580.6875	168
799	11595.125	166
800	11609.5625	177
801	11624.0	182
802	11638.4375	167
803	11652.875	145
804	11667.3125	178
805	11681.75	174
806	11696.1875	182
807	11710.625	152
808	11725.0625	162
809	11739.5	181
810	11753.9375	176
811	11768.375	173
812	11782.8125	173
813	11797.25	184
814	11811.6875	155
815	11826.125	142
816	11840.5625	181
817	11855.0	177
818	11869.4375	153
819	11883.875	185
820	11898.3125	188
821	11912.75	174
822	11927.1875	172
823	11941.625	167
824	11956.0625	184
825	11970.5	180
826	11984.9375	169
827	11999.375	170
828	12013.8125	192
829	12028.25	183
830	12042.6875	174
831	12057.125	171
832	12071.5625	178
833	12086.0	185
834	12100.4375	177
835	12114.875	200
836	12129.3125	164
837	12143.75	163
838	12158.1875	184
839	12172.625	170
840	12187.0625	168
841	12201.5	179
842	12215.9375	174
843	12230.375	175
844	12244.8125	161
845	12259.25	186
846	12273.6875	186
847	12288.125	172
848	12302.5625	175
849	12317.0	188
850	12331.4375	215
851	12345.875	181
852	12360.3125	192
853	12374.75	156
854	12389.1875	181
855	12403.625	184
856	12418.0625	190
857	12432.5	188
858	12446.9375	181
859	12461.375	218
860	12475.8125	170
861	12490.25	187
862	12504.6875	174
863	12519.125	202
864	12533.5625	192
865	12548.0	204
866	12562.4375	193
867	12576.875	188
868	12591.3125	215
869	12605.75	163
870	12620.1875	190
871	12634.625	176
872	12649.0625	211
873	12663.5	203
874	12677.9375	174
875	12692.375	189
876	12706.8125	185
877	12721.25	202
878	12735.6875	199
879	12750.125	174
880	12764.5625	188
881	12779.0	186
882	12793.4375	184
883	12807.875	188
884	12822.3125	193
885	12836.75	208
886	12851.1875	193
887	12865.625	194
888	12880.0625	194
889	12894.5	184
890	12908.9375	213
891	12923.375	193
892	12937.8125	189
893	12952.25	173
894	12966.6875	196
895	12981.125	183
896	12995.5625	197
897	13010.0	206
898	13024.4375	197
899	13038.875	200
900	13053.3125	198
901	13067.75	183
902	13082.1875	183
903	13096.625	182
904	13111.0625	157
905	13125.5	188
906	13139.9375	199
907	13154.375	191
908	13168.8125	216
909	13183.25	217
910	13197.6875	189
911	13212.125	197
912	13226.5625	172
913	13241.0	203
914	13255.4375	197
915	13269.875	209
916	13284.3125	192
917	13298.75	177
918	13313.1875	199
919	13327.625	203
920	13342.0625	214
921	13356.5	194
922	13370.9375	206
923	13385.375	215
924	13399.8125	192
925	13414.25	214
926	13428.6875	199
927	13443.125	206
928	13457.5625	217
929	13472.0	213
930	13486.4375	201
931	13500.875	202
932	13515.3125	205
933	13529.75	202
934	13544.1875	213
935	13558.625	226
936	13573.0625	189
937	13587.5	200
938	13601.9375	193
939	13616.375	193
940	13630.8125	204
941	13645.25	182
942	13659.6875	222
943	13674.125	196
944	13688.5625	214
945	13703.0	216
946	13717.4375	193
947	13731.875	211
948	13746.3125	183
949	13760.75	197
950	13775.1875	189
951	13789.625	206
952	13804.0625	219
953	13818.5	195
954	13832.9375	197
955	13847.375	209
956	13861.8125	205
957	13876.25	218
958	13890.6875	193
959	13905.125	208
960	13919.5625	195
961	13934.0	194
962	13948.4375	191
963	13962.875	246
964	13977.3125	180
965	13991.75	239
966	14006.1875	197
967	14020.625	211
968	14035.0625	209
969	14049.5	209
970	14063.9375	192
971	14078.375	202
972	14092.8125	204
973	14107.25	207
974	14121.6875	180
975	14136.125	209
976	14150.5625	209
977	14165.0	167
978	14179.4375	209
979	14193.875	171
980	14208.3125	182
981	14222.75	204
982	14237.1875	197
983	14251.625	195
984	14266.0625	214
985	14280.5	206
986	14294.9375	189
987	14309.375	197
988	14323.8125	193
989	14338.25	204
990	14352.6875	196
991	14367.125	182
992	14381.5625	192
993	14396.0	220
994	14410.4375	176
995	14424.875	191
996	14439.3125	204
997	14453.75	193
998	14468.1875	176
999	14482.625	191
1000	14497.0625	201
1001	14511.5	166
1002	14525.9375	177
1003	14540.375	204
1004	14554.8125	168
1005	14569.25	185
1006	14583.6875	165
1007	14598.125	181
1008	14612.5625	173
1009	14627.0	192
1010	14641.4375	184
1011	14655.875	194
1012	14670.3125	174
1013	14684.75	193
1014	14699.1875	183
1015	14713.625	176
1016	14728.0625	173
1017	14742.5	189
1018	14756.9375	186
1019	14771.375	161
1020	14785.8125	173
1021	14800.25	183
1022	14814.6875	187
1023	14829.125	159
1024	14843.5625	198
1025	14858.0	204
1026	14872.4375	196
1027	14886.875	175
1028	14901.3125	157
1029	14915.75	184
1030	14930.1875	186
1031	14944.625	163
1032	14959.0625	175
1033	14973.5	155
1034	14987.9375	171
1035	15002.375	175
1036	15016.8125	204
1037	15031.25	167
1038	15045.6875	169
1039	15060.125	164
1040	15074.5625	145
1041	15089.0	148
1042	15103.4375	150
1043	15117.875	150
1044	15132.3125	153
1045	15146.75	148
1046	15161.1875	177
1047	15175.625	167
1048	15190.0625	158
1049	15204.5	166
1050	15218.9375	160
1051	15233.375	163
1052	15247.8125	169
1053	15262.25	175
1054	15276.6875	165
1055	15291.125	152
1056	15305.5625	160
1057	15320.0	150
1058	15334.4375	160
1059	15348.875	136
1060	15363.3125	155
1061	15377.75	173
1062	15392.1875	164
1063	15406.625	130
1064	15421.0625	145
1065	15435.5	161
1066	15449.9375	135
1067	15464.375	151
1068	15478.8125	122
1069	15493.25	148
1070	15507.6875	168
1071	15522.125	144
1072	15536.5625	162
1073	15551.0	142
1074	15565.4375	150
1075	15579.875	161
1076	15594.3125	137
1077	15608.75	145
1078	15623.1875	140
1079	15637.625	163
1080	15652.0625	148
1081	15666.5	136
1082	15680.9375	130
1083	15695.375	147
1084	15709.8125	141
1085	15724.25	121
1086	15738.6875	153
1087	15753.125	123
1088	15767.5625	125
1089	15782.0	130
1090	15796.4375	120
1091	15810.875	135
1092	15825.3125	141
1093	15839.75	155
1094	15854.1875	141
1095	15868.625	131
1096	15883.0625	133
1097	15897.5	144
1098	15911.9375	146
1099	15926.375	126
1100	15940.8125	135
1101	15955.25	124
1102	15969.6875	133
1103	15984.125	129
1104	15998.5625	112
1105	16013.0	139
1106	16027.4375	133
1107	16041.875	112
1108	16056.3125	101
1109	16070.75	135
1110	16085.1875	124
1111	16099.625	128
1112	16114.0625	115
1113	16128.5	126
1114	16142.9375	115
1115	16157.375	133
1116	16171.8125	134
1117	16186.25	138
1118	16200.6875	98
1119	16215.125	101
1120	16229.5625	118
1121	16244.0	107
1122	16258.4375	110
1123	16272.875	111
1124	16287.3125	109
1125	16301.75	101
1126	16316.1875	130
1127	16330.625	113
1128	16345.0625	110
1129	16359.5	109
1130	16373.9375	102
1131	16388.375	97
1132	16402.8125	125
1133	16417.25	90
1134	16431.6875	97
1135	16446.125	101
1136	16460.5625	113
1137	16475.0	106
1138	16489.4375	101
1139	16503.875	104
1140	16518.3125	102
1141	16532.75	110
1142	16547.1875	102
1143	16561.625	107
1144	16576.0625	108
1145	16590.5	91
1146	16604.9375	116
1147	16619.375	87
1148	16633.8125	97
1149	16648.25	89
1150	16662.6875	107
1151	16677.125	107
1152	16691.5625	101
1153	16706.0	108
1154	16720.4375	112
1155	16734.875	98
1156	16749.3125	84
1157	16763.75	88
1158	16778.1875	92
1159	16792.625	93
1160	16807.0625	74
1161	16821.5	102
1162	16835.9375	94
1163	16850.375	93
1164	16864.8125	87
1165	16879.25	92
1166	16893.6875	97
1167	16908.125	98
1168	16922.5625	88
1169	16937.0	116
1170	16951.4375	71
1171	16965.875	79
1172	16980.3125	89
1173	16994.75	74
1174	17009.1875	95
1175	17023.625	106
1176	17038.0625	79
1177	17052.5	82
1178	17066.9375	96
1179	17081.375	90
1180	17095.8125	86
1181	17110.25	83
1182	17124.6875	95
1183	17139.125	85
1184	17153.5625	83
1185	17168.0	93
1186	17182.4375	100
1187	17196.875	90
1188	17211.3125	80
1189	17225.75	77
1190	17240.1875	75
1191	17254.625	108
1192	17269.0625	76
1193	17283.5	69
1194	17297.9375	65
1195	17312.375	65
1196	17326.8125	83
1197	17341.25	81
1198	17355.6875	67
1199	17370.125	67
1200	17384.5625	55
1201	17399.0	74
1202	17413.4375	65
1203	17427.875	78
1204	17442.3125	83
1205	17456.75	93
1206	17471.1875	87
1207	17485.625	83
1208	17500.0625	66
1209	17514.5	78
1210	17528.9375	76
1211	17543.375	62
1212	17557.8125	65
1213	17572.25	89
1214	17586.6875	66
1215	17601.125	74
1216	17615.5625	70
1217	17630.0	68
1218	17644.4375	55
1219	17658.875	61
1220	17673.3125	51
1221	17687.75	64
1222	17702.1875	62
1223	17716.625	63
1224	17731.0625	67
1225	17745.5	81
1226	17759.9375	69
1227	17774.375	68
1228	17788.8125	71
1229	17803.25	60
1230	17817.6875	65
1231	17832.125	63
1232	17846.5625	69
1233	17861.0	72
1234	17875.4375	76
1235	17889.875	53
1236	17904.3125	65
1237	17918.75	74
1238	17933.1875	72
1239	17947.625	64
1240	17962.0625	79
1241	17976.5	60
1242	17990.9375	69
1243	18005.375	68
1244	18019.8125	63
1245	18034.25	59
1246	18048.6875	48
1247	18063.125	65
1248	18077.5625	58
1249	18092.0	55
1250	18106.4375	51
1251	18120.875	48
1252	18135.3125	52
1253	18149.75	51
1254	18164.1875	54
1255	18178.625	72
1256	18193.0625	57
1257	18207.5	43
1258	18221.9375	67
1259	18236.375	63
1260	18250.8125	58
1261	18265.25	48
1262	18279.6875	55
1263	18294.125	53
1264	18308.5625	49
1265	18323.0	48
1266	18337.4375	46
1267	18351.875	61
1268	18366.3125	53
1269	18380.75	50
1270	18395.1875	62
1271	18409.625	43
1272	18424.0625	45
1273	18438.5	45
1274	18452.9375	52
1275	18467.375	53
1276	18481.8125	51
1277	18496.25	55
1278	18510.6875	52
1279	18525.125	35
1280	18539.5625	53
1281	18554.0	45
1282	18568.4375	52
1283	18582.875	50
1284	18597.3125	51
1285	18611.75	48
1286	18626.1875	53
1287	18640.625	50
1288	18655.0625	46
1289	18669.5	42
1290	18683.9375	63
1291	18698.375	40
1292	18712.8125	42
1293	18727.25	46
1294	18741.6875	53
1295	18756.125	40
1296	18770.5625	45
1297	18785.0	38
1298	18799.4375	46
1299	18813.875	52
1300	18828.3125	53
1301	18842.75	48
1302	18857.1875	47
1303	18871.625	41
1304	18886.0625	54
1305	18900.5	44
1306	18914.9375	43
1307	18929.375	42
1308	18943.8125	44
1309	18958.25	37
1310	18972.6875	42
1311	18987.125	48
1312	19001.5625	53
1313	19016.0	38
1314	19030.4375	40
1315	19044.875	44
1316	19059.3125	40
1317	19073.75	33
1318	19088.1875	29
1319	19102.625	35
1320	19117.0625	40
1321	19131.5	35
1322	19145.9375	40
1323	19160.375	33
1324	19174.8125	48
1325	19189.25	37
1326	19203.6875	36
1327	19218.125	39
1328	19232.5625	35
1329	19247.0	46
1330	19261.4375	37
1331	19275.875	42
1332	19290.3125	35
1333	19304.75	43
1334	19319.1875	33
1335	19333.625	35
1336	19348.0625	47
1337	19362.5	46
1338	19376.9375	50
1339	19391.375	26
1340	19405.8125	39
1341	19420.25	25
1342	19434.6875	45
1343	19449.125	45
1344	19463.5625	41
1345	19478.0	48
1346	19492.4375	39
1347	19506.875	42
1348	19521.3125	32
1349	19535.75	35
1350	19550.1875	38
1351	19564.625	34
1352	19579.0625	44
1353	19593.5	28
1354	19607.9375	36
1355	19622.375	41
1356	19636.8125	30
1357	19651.25	37
1358	19665.6875	39
1359	19680.125	38
1360	19694.5625	30
1361	19709.0	34
1362	19723.4375	30
1363	19737.875	26
1364	19752.3125	30
1365	19766.75	32
1366	19781.1875	39
1367	19795.625	36
1368	19810.0625	22
1369	19824.5	39
1370	19838.9375	40
1371	19853.375	42
1372	19867.8125	36
1373	19882.25	39
1374	19896.6875	37
1375	19911.125	29
1376	19925.5625	30
1377	19940.0	28
1378	19954.4375	34
1379	19968.875	23
1380	19983.3125	36
1381	19997.75	39
1382	20012.1875	26
1383	20026.625	26
1384	20041.0625	26
1385	20055.5	41
1386	20069.9375	33
1387	20084.375	32
1388	20098.8125	34
1389	20113.25	33
1390	20127.6875	29
1391	20142.125	34
1392	20156.5625	29
1393	20171.0	28
1394	20185.4375	37
1395	20199.875	31
1396	20214.3125	36
1397	20228.75	36
1398	20243.1875	24
1399	20257.625	30
1400	20272.0625	31
1401	20286.5	33
1402	20300.9375	27
1403	20315.375	29
1404	20329.8125	36
1405	20344.25	37
1406	20358.6875	27
1407	20373.125	29
1408	20387.5625	28
1409	20402.0	42
1410	20416.4375	46
1411	20430.875	22
1412	20445.3125	34
1413	20459.75	38
1414	20474.1875	26
1415	20488.625	26
1416	20503.0625	28
1417	20517.5	20
1418	20531.9375	44
1419	20546.375	33
1420	20560.8125	26
1421	20575.25	25
1422	20589.6875	27
1423	20604.125	29
1424	20618.5625	26
1425	20633.0	28
1426	20647.4375	32
1427	20661.875	19
1428	20676.3125	23
1429	20690.75	29
1430	20705.1875	24
1431	20719.625	26
1432	20734.0625	30
1433	20748.5	34
1434	20762.9375	30
1435	20777.375	34
1436	20791.8125	24
1437	20806.25	25
1438	20820.6875	20
1439	20835.125	30
1440	20849.5625	24
1441	20864.0	27
1442	20878.4375	24
1443	20892.875	24
1444	20907.3125	30
1445	20921.75	21
1446	20936.1875	26
1447	20950.625	31
1448	20965.0625	29
1449	20979.5	38
1450	20993.9375	28
1451	21008.375	27
1452	21022.8125	29
1453	21037.25	34
1454	21051.6875	25
1455	21066.125	30
1456	21080.5625	27
1457	21095.0	19
1458	21109.4375	28
1459	21123.875	18
1460	21138.3125	29
1461	21152.75	21
1462	21167.1875	10
1463	21181.625	15
1464	21196.0625	24
1465	21210.5	24
1466	21224.9375	27
1467	21239.375	30
1468	21253.8125	24
1469	21268.25	29
1470	21282.6875	20
1471	21297.125	25
1472	21311.5625	18
1473	21326.0	19
1474	21340.4375	23
1475	21354.875	23
1476	21369.3125	27
1477	21383.75	12
1478	21398.1875	16
1479	21412.625	28
1480	21427.0625	16
1481	21441.5	29
1482	21455.9375	20
1483	21470.375	24
1484	21484.8125	27
1485	21499.25	31
1486	21513.6875	28
1487	21528.125	33
1488	21542.5625	26
1489	21557.0	24
1490	21571.4375	20
1491	21585.875	15
1492	21600.3125	20
1493	21614.75	19
1494	21629.1875	22
1495	21643.625	27
1496	21658.0625	20
1497	21672.5	21
1498	21686.9375	23
1499	21701.375	20
1500	21715.8125	18
1501	21730.25	25
1502	21744.6875	23
1503	21759.125	20
1504	21773.5625	23
1505	21788.0	15
1506	21802.4375	23
1507	21816.875	14
1508	21831.3125	16
1509	21845.75	23
1510	21860.1875	21
1511	21874.625	20
1512	21889.0625	25
1513	21903.5	17
1514	21917.9375	19
1515	21932.375	20
1516	21946.8125	19
1517	21961.25	27
1518	21975.6875	18
1519	21990.125	15
1520	22004.5625	13
1521	22019.0	26
1522	22033.4375	21
1523	22047.875	14
1524	22062.3125	19
1525	22076.75	24
1526	22091.1875	17
1527	22105.625	17
1528	22120.0625	22
1529	22134.5	22
1530	22148.9375	26
1531	22163.375	10
1532	22177.8125	18
1533	22192.25	17
1534	22206.6875	18
1535	22221.125	18
1536	22235.5625	24
1537	22250.0	23
1538	22264.4375	25
1539	22278.875	11
1540	22293.3125	17
1541	22307.75	17
1542	22322.1875	18
1543	22336.625	21
1544	22351.0625	16
1545	22365.5	13
1546	22379.9375	20
1547	22394.375	19
1548	22408.8125	21
1549	22423.25	28
1550	22437.6875	18
1551	22452.125	15
1552	22466.5625	17
1553	22481.0	18
1554	22495.4375	15
1555	22509.875	22
1556	22524.3125	16
1557	22538.75	13
1558	22553.1875	18
1559	22567.625	14
1560	22582.0625	21
1561	22596.5	16
1562	22610.9375	19
1563	22625.375	18
1564	22639.8125	15
1565	22654.25	18
1566	22668.6875	16
1567	22683.125	20
1568	22697.5625	11
1569	22712.0	15
1570	22726.4375	15
1571	22740.875	27
1572	22755.3125	10
1573	22769.75	14
1574	22784.1875	22
1575	22798.625	16
1576	22813.0625	16
1577	22827.5	13
1578	22841.9375	11
1579	22856.375	19
1580	22870.8125	20
1581	22885.25	17
1582	22899.6875	21
1583	22914.125	18
1584	22928.5625	14
1585	22943.0	14
1586	22957.4375	17
1587	22971.875	10
1588	22986.3125	22
1589	23000.75	14
1590	23015.1875	15
1591	23029.625	16
1592	23044.0625	14
1593	23058.5	25
1594	23072.9375	20
1595	23087.375	6
1596	23101.8125	8
1597	23116.25	14
1598	23130.6875	22
1599	23145.125	14
1600	23159.5625	16
1601	23174.0	20
1602	23188.4375	15
1603	23202.875	21
1604	23217.3125	13
1605	23231.75	21
1606	23246.1875	11
1607	23260.625	18
1608	23275.0625	13
1609	23289.5	12
1610	23303.9375	16
1611	23318.375	15
1612	23332.8125	13
1613	23347.25	19
1614	23361.6875	13
1615	23376.125	7
1616	23390.5625	13
1617	23405.0	14
1618	23419.4375	20
1619	23433.875	15
1620	23448.3125	13
1621	23462.75	17
1622	23477.1875	18
1623	23491.625	19
1624	23506.0625	10
1625	23520.5	13
1626	23534.9375	7
1627	23549.375	20
1628	23563.8125	20
1629	23578.25	7
1630	23592.6875	13
1631	23607.125	7
1632	23621.5625	22
1633	23636.0	11
1634	23650.4375	15
1635	23664.875	15
1636	23679.3125	14
1637	23693.75	18
1638	23708.1875	13
1639	23722.625	14
1640	23737.0625	14
1641	23751.5	12
1642	23765.9375	16
1643	23780.375	15
1644	23794.8125	17
1645	23809.25	10
1646	23823.6875	20
1647	23838.125	11
1648	23852.5625	9
1649	23867.0	15
1650	23881.4375	14
1651	23895.875	16
1652	23910.3125	12
1653	23924.75	13
1654	23939.1875	14
1655	23953.625	10
1656	23968.0625	7
1657	23982.5	10
1658	23996.9375	15
1659	24011.375	11
1660	24025.8125	17
1661	24040.25	8
1662	24054.6875	14
1663	24069.125	9
1664	24083.5625	14
1665	24098.0	13
1666	24112.4375	19
1667	24126.875	17
1668	24141.3125	12
1669	24155.75	19
1670	24170.1875	15
1671	24184.625	15
1672	24199.0625	6
1673	24213.5	16
1674	24227.9375	15
1675	24242.375	15
1676	24256.8125	16
1677	24271.25	10
1678	24285.6875	17
1679	24300.125	10
1680	24314.5625	13
1681	24329.0	15
1682	24343.4375	14
1683	24357.875	12
1684	24372.3125	8
1685	24386.75	17
1686	24401.1875	14
1687	24415.625	15
1688	24430.0625	16
1689	24444.5	13
1690	24458.9375	13
1691	24473.375	10
1692	24487.8125	15
1693	24502.25	12
1694	24516.6875	12
1695	24531.125	11
1696	24545.5625	15
1697	24560.0	10
1698	24574.4375	9
1699	24588.875	18
1700	24603.3125	7
1701	24617.75	13
1702	24632.1875	11
1703	24646.625	12
1704	24661.0625	11
1705	24675.5	11
1706	24689.9375	14
1707	24704.375	14
1708	24718.8125	7
1709	24733.25	13
1710	24747.6875	8
1711	24762.125	14
1712	24776.5625	9
1713	24791.0	11
1714	24805.4375	15
1715	24819.875	14
1716	24834.3125	17
1717	24848.75	18
1718	24863.1875	10
1719	24877.625	18
1720	24892.0625	12
1721	24906.5	8
1722	24920.9375	12
1723	24935.375	10
1724	24949.8125	10
1725	24964.25	16
1726	24978.6875	14
1727	24993.125	15
1728	25007.5625	10
1729	25022.0	10
1730	25036.4375	19
1731	25050.875	19
1732	25065.3125	8
1733	25079.75	9
1734	25094.1875	14
1735	25108.625	11
1736	25123.0625	16
1737	25137.5	11
1738	25151.9375	10
1739	25166.375	17
1740	25180.8125	5
1741	25195.25	9
1742	25209.6875	5
1743	25224.125	11
1744	25238.5625	9
1745	25253.0	10
1746	25267.4375	7
1747	25281.875	9
1748	25296.3125	8
1749	25310.75	14
1750	25325.1875	13
1751	25339.625	17
1752	25354.0625	7
1753	25368.5	7
1754	25382.9375	9
1755	25397.375	12
1756	25411.8125	13
1757	25426.25	16
1758	25440.6875	11
1759	25455.125	13
1760	25469.5625	9
1761	25484.0	15
1762	25498.4375	4
1763	25512.875	14
1764	25527.3125	10
1765	25541.75	15
1766	25556.1875	7
1767	25570.625	7
1768	25585.0625	11
1769	25599.5	9
1770	25613.9375	8
1771	25628.375	11
1772	25642.8125	10
1773	25657.25	18
1774	25671.6875	7
1775	25686.125	13
1776	25700.5625	6
1777	25715.0	9
1778	25729.4375	8
1779	25743.875	8
1780	25758.3125	9
1781	25772.75	11
1782	25787.1875	5
1783	25801.625	10
1784	25816.0625	8
1785	25830.5	7
1786	25844.9375	5
1787	25859.375	13
1788	25873.8125	10
1789	25888.25	8
1790	25902.6875	7
1791	25917.125	9
1792	25931.5625	10
1793	25946.0	13
1794	25960.4375	12
1795	25974.875	12
1796	25989.3125	6
1797	26003.75	7
1798	26018.1875	8
1799	26032.625	8
1800	26047.0625	16
1801	26061.5	13
1802	26075.9375	9
1803	26090.375	12
1804	26104.8125	8
1805	26119.25	9
1806	26133.6875	10
1807	26148.125	9
1808	26162.5625	13
1809	26177.0	13
1810	26191.4375	14
1811	26205.875	14
1812	26220.3125	6
1813	26234.75	14
1814	26249.1875	8
1815	26263.625	9
1816	26278.0625	8
1817	26292.5	16
1818	26306.9375	9
1819	26321.375	6
1820	26335.8125	8
1821	26350.25	5
1822	26364.6875	5
1823	26379.125	7
1824	26393.5625	19
1825	26408.0	12
1826	26422.4375	8
1827	26436.875	5
1828	26451.3125	10
1829	26465.75	9
1830	26480.1875	9
1831	26494.625	13
1832	26509.0625	7
1833	26523.5	10
1834	26537.9375	7
1835	26552.375	7
1836	26566.8125	8
1837	26581.25	9
1838	26595.6875	7
1839	26610.125	4
1840	26624.5625	7
1841	26639.0	7
1842	26653.4375	10
1843	26667.875	9
1844	26682.3125	4
1845	26696.75	7
1846	26711.1875	11
1847	26725.625	13
1848	26740.0625	10
1849	26754.5	9
1850	26768.9375	6
1851	26783.375	6
1852	26797.8125	15
1853	26812.25	6
1854	26826.6875	6
1855	26841.125	6
1856	26855.5625	9
1857	26870.0	4
1858	26884.4375	11
1859	26898.875	9
1860	26913.3125	9
1861	26927.75	9
1862	26942.1875	9
1863	26956.625	3
1864	26971.0625	6
1865	26985.5	7
1866	26999.9375	7
1867	27014.375	9
1868	27028.8125	11
1869	27043.25	11
1870	27057.6875	10
1871	27072.125	7
1872	27086.5625	5
1873	27101.0	6
1874	27115.4375	7
1875	27129.875	7
1876	27144.3125	8
1877	27158.75	12
1878	27173.1875	13
1879	27187.625	8
1880	27202.0625	6
1881	27216.5	4
1882	27230.9375	3
1883	27245.375	8
1884	27259.8125	8
1885	27274.25	4
1886	27288.6875	14
1887	27303.125	7
1888	27317.5625	7
1889	27332.0	9
1890	27346.4375	6
1891	27360.875	3
1892	27375.3125	6
1893	27389.75	6
1894	27404.1875	4
1895	27418.625	3
1896	27433.0625	11
1897	27447.5	7
1898	27461.9375	9
1899	27476.375	11
1900	27490.8125	9
1901	27505.25	8
1902	27519.6875	12
1903	27534.125	9
1904	27548.5625	4
1905	27563.0	9
1906	27577.4375	6
1907	27591.875	14
1908	27606.3125	7
1909	27620.75	4
1910	27635.1875	16
1911	27649.625	9
1912	27664.0625	9
1913	27678.5	12
1914	27692.9375	1
1915	27707.375	13
1916	27721.8125	6
1917	27736.25	10
1918	27750.6875	9
1919	27765.125	3
1920	27779.5625	9
1921	27794.0	9
1922	27808.4375	7
1923	27822.875	9
1924	27837.3125	8
1925	27851.75	11
1926	27866.1875	3
1927	27880.625	6
1928	27895.0625	9
1929	27909.5	9
1930	27923.9375	4
1931	27938.375	6
1932	27952.8125	4
1933	27967.25	11
1934	27981.6875	8
1935	27996.125	5
1936	28010.5625	4
1937	28025.0	6
1938	28039.4375	4
1939	28053.875	5
1940	28068.3125	6
1941	28082.75	9
1942	28097.1875	10
1943	28111.625	9
1944	28126.0625	6
1945	28140.5	7
1946	28154.9375	7
1947	28169.375	12
1948	28183.8125	6
1949	28198.25	9
1950	28212.6875	6
1951	28227.125	8
1952	28241.5625	3
1953	28256.0	10
1954	28270.4375	2
1955	28284.875	7
1956	28299.3125	8
1957	28313.75	9
1958	28328.1875	9
1959	28342.625	9
1960	28357.0625	8
1961	28371.5	8
1962	28385.9375	8
1963	28400.375	7
1964	28414.8125	7
1965	28429.25	9
1966	28443.6875	11
1967	28458.125	14
1968	28472.5625	6
1969	28487.0	6
1970	28501.4375	3
1971	28515.875	7
1972	28530.3125	8
1973	28544.75	5
1974	28559.1875	13
1975	28573.625	5
1976	28588.0625	5
1977	28602.5	5
1978	28616.9375	4
1979	28631.375	11
1980	28645.8125	4
1981	28660.25	4
1982	28674.6875	10
1983	28689.125	7
1984	28703.5625	6
1985	28718.0	7
1986	28732.4375	4
1987	28746.875	8
1988	28761.3125	6
1989	28775.75	6
1990	28790.1875	15
1991	28804.625	6
1992	28819.0625	7
1993	28833.5	8
1994	28847.9375	6
1995	28862.375	5
1996	28876.8125	6
1997	28891.25	4
1998	28905.6875	4
1999	28920.125	6
2000	28934.5625	5
2001	28949.0	8
2002	28963.4375	10
2003	28977.875	9
2004	28992.3125	4
2005	29006.75	5
2006	29021.1875	8
2007	29035.625	7
2008	29050.0625	4
2009	29064.5	3
2010	29078.9375	8
2011	29093.375	6
2012	29107.8125	8
2013	29122.25	8
2014	29136.6875	6
2015	29151.125	6
2016	29165.5625	3
2017	29180.0	6
2018	29194.4375	7
2019	29208.875	7
2020	29223.3125	5
2021	29237.75	3
2022	29252.1875	4
2023	29266.625	6
2024	29281.0625	6
2025	29295.5	6
2026	29309.9375	5
2027	29324.375	3
2028	29338.8125	10
2029	29353.25	3
2030	29367.6875	8
2031	29382.125	3
2032	29396.5625	4
2033	29411.0	7
2034	29425.4375	3
2035	29439.875	5
2036	29454.3125	6
2037	29468.75	8
2038	29483.1875	5
2039	29497.625	11
2040	29512.0625	8
2041	29526.5	5
2042	29540.9375	5
2043	29555.375	8
2044	29569.8125	10
2045	29584.25	5
2046	29598.6875	5
2047	29613.125	8
2048	29627.5625	6
2049	29642.0	8
2050	29656.4375	3
2051	29670.875	3
2052	29685.3125	4
2053	29699.75	7
2054	29714.1875	2
2055	29728.625	7
2056	29743.0625	4
2057	29757.5	9
2058	29771.9375	8
2059	29786.375	6
2060	29800.8125	4
2061	29815.25	4
2062	29829.6875	4
2063	29844.125	6
2064	29858.5625	7
2065	29873.0	6
2066	29887.4375	10
2067	29901.875	7
2068	29916.3125	7
2069	29930.75	4
2070	29945.1875	3
2071	29959.625	2
2072	29974.0625	2
2073	29988.5	2
2074	30002.9375	9
2075	30017.375	3
2076	30031.8125	7
2077	30046.25	8
2078	30060.6875	9
2079	30075.125	6
2080	30089.5625	2
2081	30104.0	6
2082	30118.4375	4
2083	30132.875	3
2084	30147.3125	6
2085	30161.75	6
2086	30176.1875	5
2087	30190.625	3
2088	30205.0625	4
2089	30219.5	5
2090	30233.9375	7
2091	30248.375	11
2092	30262.8125	6
2093	30277.25	1
2094	30291.6875	3
2095	30306.125	5
2096	30320.5625	6
2097	30335.0	10
2098	30349.4375	3
2099	30363.875	3
2100	30378.3125	3
2101	30392.75	1
2102	30407.1875	2
2103	30421.625	4
2104	30436.0625	2
2105	30450.5	4
2106	30464.9375	5
2107	30479.375	4
2108	30493.8125	5
2109	30508.25	5
2110	30522.6875	6
2111	30537.125	4
2112	30551.5625	5
2113	30566.0	6
2114	30580.4375	11
2115	30594.875	6
2116	30609.3125	6
2117	30623.75	5
2118	30638.1875	3
2119	30652.625	5
2120	30667.0625	4
2121	30681.5	4
2122	30695.9375	9
2123	30710.375	8
2124	30724.8125	7
2125	30739.25	6
2126	30753.6875	6
2127	30768.125	3
2128	30782.5625	10
2129	30797.0	7
2130	30811.4375	3
2131	30825.875	4
2132	30840.3125	7
2133	30854.75	4
2134	30869.1875	6
2135	30883.625	4
2136	30898.0625	6
2137	30912.5	6
2138	30926.9375	7
2139	30941.375	9
2140	30955.8125	1
2141	30970.25	4
2142	30984.6875	6
2143	30999.125	5
2144	31013.5625	7
2145	31028.0	8
2146	31042.4375	4
2147	31056.875	7
2148	31071.3125	5
2149	31085.75	1
2150	31100.1875	5
2151	31114.625	2
2152	31129.0625	1
2153	31143.5	3
2154	31157.9375	7
2155	31172.375	6
2156	31186.8125	4
2157	31201.25	5
2158	31215.6875	3
2159	31230.125	8
2160	31244.5625	5
2161	31259.0	3
2162	31273.4375	7
2163	31287.875	3
2164	31302.3125	4
2165	31316.75	3
2166	31331.1875	6
2167	31345.625	3
2168	31360.0625	5
2169	31374.5	5
2170	31388.9375	3
2171	31403.375	2
2172	31417.8125	2
2173	31432.25	5
2174	31446.6875	2
2175	31461.125	2
2176	31475.5625	4
2177	31490.0	4
2178	31504.4375	0
2179	31518.875	5
2180	31533.3125	3
2181	31547.75	1
2182	31562.1875	7
2183	31576.625	2
2184	31591.0625	5
2185	31605.5	5
2186	31619.9375	1
2187	31634.375	3
2188	31648.8125	5
2189	31663.25	8
2190	31677.6875	3
2191	31692.125	0
2192	31706.5625	5
2193	31721.0	4
2194	31735.4375	2
2195	31749.875	6
2196	31764.3125	5
2197	31778.75	3
2198	31793.1875	2
2199	31807.625	3
2200	31822.0625	3
2201	31836.5	6
2202	31850.9375	4
2203	31865.375	2
2204	31879.8125	6
2205	31894.25	3
2206	31908.6875	5
2207	31923.125	3
2208	31937.5625	4
2209	31952.0	4
2210	31966.4375	11
2211	31980.875	5
2212	31995.3125	0
2213	32009.75	2
2214	32024.1875	6
2215	32038.625	2
2216	32053.0625	9
2217	32067.5	4
2218	32081.9375	2
2219	32096.375	2
2220	32110.8125	3
2221	32125.25	6
2222	32139.6875	4
2223	32154.125	6
2224	32168.5625	2
2225	32183.0	6
2226	32197.4375	3
2227	32211.875	4
2228	32226.3125	3
2229	32240.75	3
2230	32255.1875	9
2231	32269.625	5
2232	32284.0625	5
2233	32298.5	3
2234	32312.9375	13
2235	32327.375	3
2236	32341.8125	5
2237	32356.25	3
2238	32370.6875	5
2239	32385.125	6
2240	32399.5625	2
2241	32414.0	4
2242	32428.4375	5
2243	32442.875	2
2244	32457.3125	7
2245	32471.75	4
2246	32486.1875	5
2247	32500.625	2
2248	32515.0625	6
2249	32529.5	4
2250	32543.9375	3
2251	32558.375	2
2252	32572.8125	4
2253	32587.25	3
2254	32601.6875	6
2255	32616.125	2
2256	32630.5625	5
2257	32645.0	2
2258	32659.4375	4
2259	32673.875	2
2260	32688.3125	4
2261	32702.75	2
2262	32717.1875	3
2263	32731.625	2
2264	32746.0625	2
2265	32760.5	6
2266	32774.9375	6
2267	32789.375	2
2268	32803.8125	5
2269	32818.25	4
2270	32832.6875	6
2271	32847.125	3
2272	32861.5625	7
2273	32876.0	9
2274	32890.4375	3
2275	32904.875	4
2276	32919.3125	6
2277	32933.75	4
2278	32948.1875	10
2279	32962.625	6
2280	32977.0625	3
2281	32991.5	8
2282	33005.9375	2
2283	33020.375	3
2284	33034.8125	7
2285	33049.25	9
2286	33063.6875	4
2287	33078.125	2
2288	33092.5625	5
2289	33107.0	1
2290	33121.4375	5
2291	33135.875	3
2292	33150.3125	2
2293	33164.75	2
2294	33179.1875	3
2295	33193.625	5
2296	33208.0625	3
2297	33222.5	5
2298	33236.9375	6
2299	33251.375	4
2300	33265.8125	2
2301	33280.25	8
2302	33294.6875	2
2303	33309.125	1
2304	33323.5625	0
2305	33338.0	2
2306	33352.4375	7
2307	33366.875	2
2308	33381.3125	2
2309	33395.75	2
2310	33410.1875	4
2311	33424.625	2
2312	33439.0625	3
2313	33453.5	4
2314	33467.9375	2
2315	33482.375	2
2316	33496.8125	0
2317	33511.25	3
2318	33525.6875	8
2319	33540.125	5
2320	33554.5625	4
2321	33569.0	4
2322	33583.4375	2
2323	33597.875	5
2324	33612.3125	5
2325	33626.75	8
2326	33641.1875	6
2327	33655.625	4
2328	33670.0625	4
2329	33684.5	1
2330	33698.9375	3
2331	33713.375	3
2332	33727.8125	4
2333	33742.25	1
2334	33756.6875	4
2335	33771.125	2
2336	33785.5625	6
2337	33800.0	1
2338	33814.4375	1
2339	33828.875	1
2340	33843.3125	3
2341	33857.75	6
2342	33872.1875	9
2343	33886.625	5
2344	33901.0625	4
2345	33915.5	2
2346	33929.9375	3
2347	33944.375	6
2348	33958.8125	4
2349	33973.25	2
2350	33987.6875	3
2351	34002.125	3
2352	34016.5625	4
2353	34031.0	1
2354	34045.4375	1
2355	34059.875	4
2356	34074.3125	3
2357	34088.75	4
2358	34103.1875	2
2359	34117.625	4
2360	34132.0625	0
2361	34146.5	2
2362	34160.9375	3
2363	34175.375	4
2364	34189.8125	2
2365	34204.25	4
2366	34218.6875	4
2367	34233.125	2
2368	34247.5625	1
2369	34262.0	4
2370	34276.4375	4
2371	34290.875	4
2372	34305.3125	1
2373	34319.75	3
2374	34334.1875	4
2375	34348.625	2
2376	34363.0625	3
2377	34377.5	2
2378	34391.9375	2
2379	34406.375	1
2380	34420.8125	3
2381	34435.25	1
2382	34449.6875	1
2383	34464.125	8
2384	34478.5625	0
2385	34493.0	2
2386	34507.4375	4
2387	34521.875	1
2388	34536.3125	3
2389	34550.75	5
2390	34565.1875	4
2391	34579.625	1
2392	34594.0625	0
2393	34608.5	0
2394	34622.9375	3
2395	34637.375	0
2396	34651.8125	1
2397	34666.25	3
2398	34680.6875	6
2399	34695.125	7
2400	34709.5625	2
2401	34724.0	2
2402	34738.4375	0
2403	34752.875	4
2404	34767.3125	2
2405	34781.75	3
2406	34796.1875	3
2407	34810.625	1
2408	34825.0625	2
2409	34839.5	5
2410	34853.9375	5
2411	34868.375	3
2412	34882.8125	1
2413	34897.25	5
2414	34911.6875	3
2415	34926.125	5
2416	34940.5625	3
2417	34955.0	2
2418	34969.4375	4
2419	34983.875	5
2420	34998.3125	4
2421	35012.75	4
2422	35027.1875	2
2423	35041.625	5
2424	35056.0625	2
2425	35070.5	1
2426	35084.9375	3
2427	35099.375	5
2428	35113.8125	5
2429	35128.25	3
2430	35142.6875	6
2431	35157.125	5
2432	35171.5625	3
2433	35186.0	2
2434	35200.4375	2
2435	35214.875	2
2436	35229.3125	3
2437	35243.75	2
2438	35258.1875	4
2439	35272.625	4
2440	35287.0625	4
2441	35301.5	2
2442	35315.9375	5
2443	35330.375	0
2444	35344.8125	2
2445	35359.25	4
2446	35373.6875	2
2447	35388.125	6
2448	35402.5625	3
2449	35417.0	6
2450	35431.4375	3
2451	35445.875	1
2452	35460.3125	1
2453	35474.75	2
2454	35489.1875	2
2455	35503.625	2
2456	35518.0625	1
2457	35532.5	3
2458	35546.9375	4
2459	35561.375	1
2460	35575.8125	2
2461	35590.25	3
2462	35604.6875	7
2463	35619.125	4
2464	35633.5625	1
2465	35648.0	3
2466	35662.4375	2
2467	35676.875	2
2468	35691.3125	4
2469	35705.75	2
2470	35720.1875	6
2471	35734.625	2
2472	35749.0625	1
2473	35763.5	3
2474	35777.9375	0
2475	35792.375	0
2476	35806.8125	2
2477	35821.25	1
2478	35835.6875	5
2479	35850.125	2
2480	35864.5625	0
2481	35879.0	2
2482	35893.4375	3
2483	35907.875	4
2484	35922.3125	1
2485	35936.75	2
2486	35951.1875	3
2487	35965.625	2
2488	35980.0625	2
2489	35994.5	3
2490	36008.9375	1
2491	36023.375	7
2492	36037.8125	3
2493	36052.25	6
2494	36066.6875	5
2495	36081.125	3
2496	36095.5625	2
2497	36110.0	5
2498	36124.4375	0
2499	36138.875	4
2500	36153.3125	4
2501	36167.75	0
2502	36182.1875	1
2503	36196.625	2
2504	36211.0625	5
2505	36225.5	6
2506	36239.9375	2
2507	36254.375	3
2508	36268.8125	2
2509	36283.25	2
2510	36297.6875	1
2511	36312.125	4
2512	36326.5625	3
2513	36341.0	7
2514	36355.4375	0
2515	36369.875	1
2516	36384.3125	2
2517	36398.75	3
2518	36413.1875	3
2519	36427.625	3
2520	36442.0625	1
2521	36456.5	2
2522	36470.9375	2
2523	36485.375	1
2524	36499.8125	4
2525	36514.25	2
2526	36528.6875	4
2527	36543.125	4
2528	36557.5625	2
2529	36572.0	0
2530	36586.4375	3
2531	36600.875	2
2532	36615.3125	1
2533	36629.75	0
2534	36644.1875	1
2535	36658.625	4
2536	36673.0625	2
2537	36687.5	2
2538	36701.9375	2
2539	36716.375	3
2540	36730.8125	1
2541	36745.25	1
2542	36759.6875	1
2543	36774.125	2
2544	36788.5625	0
2545	36803.0	3
2546	36817.4375	4
2547	36831.875	4
2548	36846.3125	1
2549	36860.75	3
2550	36875.1875	4
2551	36889.625	4
2552	36904.0625	1
2553	36918.5	3
2554	36932.9375	1
2555	36947.375	3
2556	36961.8125	3
2557	36976.25	3
2558	36990.6875	2
2559	37005.125	1
2560	37019.5625	4
2561	37034.0	6
2562	37048.4375	1
2563	37062.875	2
2564	37077.3125	3
2565	37091.75	1
2566	37106.1875	1
2567	37120.625	4
2568	37135.0625	2
2569	37149.5	0
2570	37163.9375	0
2571	37178.375	1
2572	37192.8125	0
2573	37207.25	3
2574	37221.6875	1
2575	37236.125	2
2576	37250.5625	2
2577	37265.0	4
2578	37279.4375	2
2579	37293.875	0
2580	37308.3125	3
2581	37322.75	3
2582	37337.1875	0
2583	37351.625	1
2584	37366.0625	4
2585	37380.5	2
2586	37394.9375	3
2587	37409.375	3
2588	37423.8125	2
2589	37438.25	1
2590	37452.6875	4
2591	37467.125	1
2592	37481.5625	2
2593	37496.0	2
2594	37510.4375	1
2595	37524.875	2
2596	37539.3125	4
2597	37553.75	3
2598	37568.1875	1
2599	37582.625	3
2600	37597.0625	2
2601	37611.5	2
2602	37625.9375	3
2603	37640.375	1
2604	37654.8125	5
2605	37669.25	3
2606	37683.6875	2
2607	37698.125	2
2608	37712.5625	0
2609	37727.0	2
2610	37741.4375	1
2611	37755.875	7
2612	37770.3125	0
2613	37784.75	3
2614	37799.1875	3
2615	37813.625	1
2616	37828.0625	4
2617	37842.5	2
2618	37856.9375	1
2619	37871.375	2
2620	37885.8125	1
2621	37900.25	2
2622	37914.6875	3
2623	37929.125	0
2624	37943.5625	1
2625	37958.0	0
2626	37972.4375	2
2627	37986.875	3
2628	38001.3125	0
2629	38015.75	1
2630	38030.1875	4
2631	38044.625	0
2632	38059.0625	3
2633	38073.5	2
2634	38087.9375	0
2635	38102.375	1
2636	38116.8125	0
2637	38131.25	2
2638	38145.6875	3
2639	38160.125	2
2640	38174.5625	2
2641	38189.0	2
2642	38203.4375	1
2643	38217.875	4
2644	38232.3125	1
2645	38246.75	3
2646	38261.1875	1
2647	38275.625	1
2648	38290.0625	3
2649	38304.5	7
2650	38318.9375	3
2651	38333.375	0
2652	38347.8125	1
2653	38362.25	4
2654	38376.6875	2
2655	38391.125	3
2656	38405.5625	4
2657	38420.0	2
2658	38434.4375	1
2659	38448.875	2
2660	38463.3125	1
2661	38477.75	1
2662	38492.1875	2
2663	38506.625	1
2664	38521.0625	2
2665	38535.5	4
2666	38549.9375	3
2667	38564.375	0
2668	38578.8125	4
2669	38593.25	1
2670	38607.6875	4
2671	38622.125	3
2672	38636.5625	2
2673	38651.0	0
2674	38665.4375	4
2675	38679.875	0
2676	38694.3125	3
2677	38708.75	5
2678	38723.1875	3
2679	38737.625	3
2680	38752.0625	0
2681	38766.5	0
2682	38780.9375	3
2683	38795.375	2
2684	38809.8125	1
2685	38824.25	3
2686	38838.6875	2
2687	38853.125	1
2688	38867.5625	2
2689	38882.0	3
2690	38896.4375	2
2691	38910.875	1
2692	38925.3125	3
2693	38939.75	0
2694	38954.1875	0
2695	38968.625	2
2696	38983.0625	3
2697	38997.5	2
2698	39011.9375	2
2699	39026.375	2
2700	39040.8125	1
2701	39055.25	4
2702	39069.6875	0
2703	39084.125	3
2704	39098.5625	1
2705	39113.0	0
2706	39127.4375	1
2707	39141.875	0
2708	39156.3125	0
2709	39170.75	1
2710	39185.1875	0
2711	39199.625	1
2712	39214.0625	1
2713	39228.5	4
2714	39242.9375	2
2715	39257.375	1
2716	39271.8125	3
2717	39286.25	4
2718	39300.6875	2
2719	39315.125	0
2720	39329.5625	1
2721	39344.0	1
2722	39358.4375	1
2723	39372.875	4
2724	39387.3125	2
2725	39401.75	4
2726	39416.1875	3
2727	39430.625	0
2728	39445.0625	1
2729	39459.5	2
2730	39473.9375	1
2731	39488.375	0
2732	39502.8125	3
2733	39517.25	1
2734	39531.6875	1
2735	39546.125	0
2736	39560.5625	3
2737	39575.0	2
2738	39589.4375	2
2739	39603.875	1
2740	39618.3125	2
2741	39632.75	0
2742	39647.1875	1
2743	39661.625	4
2744	39676.0625	1
2745	39690.5	4
2746	39704.9375	2
2747	39719.375	1
2748	39733.8125	2
2749	39748.25	3
2750	39762.6875	2
2751	39777.125	1
2752	39791.5625	0
2753	39806.0	0
2754	39820.4375	1
2755	39834.875	0
2756	39849.3125	3
2757	39863.75	3
2758	39878.1875	4
2759	39892.625	1
2760	39907.0625	3
2761	39921.5	1
2762	39935.9375	0
2763	39950.375	4
2764	39964.8125	1
2765	39979.25	0
2766	39993.6875	1
2767	40008.125	1
2768	40022.5625	0
2769	40037.0	1
2770	40051.4375	0
2771	40065.875	3
2772	40080.3125	0
2773	40094.75	2
2774	40109.1875	2
2775	40123.625	2
2776	40138.0625	0
2777	40152.5	1
2778	40166.9375	2
2779	40181.375	2
2780	40195.8125	1
2781	40210.25	5
2782	40224.6875	2
2783	40239.125	1
2784	40253.5625	3
2785	40268.0	0
2786	40282.4375	1
2787	40296.875	0
2788	40311.3125	2
2789	40325.75	4
2790	40340.1875	3
2791	40354.625	1
2792	40369.0625	2
2793	40383.5	3
2794	40397.9375	1
2795	40412.375	3
2796	40426.8125	4
2797	40441.25	2
2798	40455.6875	5
2799	40470.125	2
2800	40484.5625	4
2801	40499.0	2
2802	40513.4375	3
2803	40527.875	2
2804	40542.3125	2
2805	40556.75	4
2806	40571.1875	3
2807	40585.625	1
2808	40600.0625	3
2809	40614.5	0
2810	40628.9375	0
2811	40643.375	2
2812	40657.8125	0
2813	40672.25	0
2814	40686.6875	3
2815	40701.125	0
2816	40715.5625	2
2817	40730.0	1
2818	40744.4375	1
2819	40758.875	0
2820	40773.3125	2
2821	40787.75	1
2822	40802.1875	2
2823	40816.625	3
2824	40831.0625	2
2825	40845.5	1
2826	40859.9375	0
2827	40874.375	1
2828	40888.8125	1
2829	40903.25	2
2830	40917.6875	1
2831	40932.125	4
2832	40946.5625	2
2833	40961.0	1
2834	40975.4375	0
2835	40989.875	1
2836	41004.3125	2
2837	41018.75	1
2838	41033.1875	4
2839	41047.625	0
2840	41062.0625	1
2841	41076.5	2
2842	41090.9375	0
2843	41105.375	1
2844	41119.8125	1
2845	41134.25	1
2846	41148.6875	1
2847	41163.125	1
2848	41177.5625	3
2849	41192.0	1
2850	41206.4375	1
2851	41220.875	1
2852	41235.3125	1
2853	41249.75	0
2854	41264.1875	4
2855	41278.625	1
2856	41293.0625	1
2857	41307.5	3
2858	41321.9375	2
2859	41336.375	1
2860	41350.8125	0
2861	41365.25	0
2862	41379.6875	3
2863	41394.125	1
2864	41408.5625	1
2865	41423.0	2
2866	41437.4375	3
2867	41451.875	0
2868	41466.3125	1
2869	41480.75	2
2870	41495.1875	0
2871	41509.625	0
2872	41524.0625	0
2873	41538.5	2
2874	41552.9375	1
2875	41567.375	1
2876	41581.8125	1
2877	41596.25	0
2878	41610.6875	3
2879	41625.125	3
2880	41639.5625	1
2881	41654.0	2
2882	41668.4375	2
2883	41682.875	1
2884	41697.3125	0
2885	41711.75	1
2886	41726.1875	1
2887	41740.625	0
2888	41755.0625	1
2889	41769.5	0
2890	41783.9375	1
2891	41798.375	0
2892	41812.8125	3
2893	41827.25	0
2894	41841.6875	0
2895	41856.125	0
2896	41870.5625	1
2897	41885.0	0
2898	41899.4375	1
2899	41913.875	1
2900	41928.3125	2
2901	41942.75	4
2902	41957.1875	1
2903	41971.625	1
2904	41986.0625	2
2905	42000.5	1
2906	42014.9375	1
2907	42029.375	0
2908	42043.8125	0
2909	42058.25	0
2910	42072.6875	1
2911	42087.125	2
2912	42101.5625	1
2913	42116.0	1
2914	42130.4375	3
2915	42144.875	2
2916	42159.3125	1
2917	42173.75	1
2918	42188.1875	4
2919	42202.625	2
2920	42217.0625	0
2921	42231.5	0
2922	42245.9375	2
2923	42260.375	0
2924	42274.8125	0
2925	42289.25	1
2926	42303.6875	0
2927	42318.125	2
2928	42332.5625	0
2929	42347.0	1
2930	42361.4375	0
2931	42375.875	0
2932	42390.3125	1
2933	42404.75	0
2934	42419.1875	0
2935	42433.625	0
2936	42448.0625	2
2937	42462.5	0
2938	42476.9375	2
2939	42491.375	0
2940	42505.8125	1
2941	42520.25	0
2942	42534.6875	1
2943	42549.125	0
2944	42563.5625	2
2945	42578.0	0
2946	42592.4375	1
2947	42606.875	3
2948	42621.3125	0
2949	42635.75	2
2950	42650.1875	0
2951	42664.625	2
2952	42679.0625	0
2953	42693.5	0
2954	42707.9375	1
2955	42722.375	0
2956	42736.8125	1
2957	42751.25	0
2958	42765.6875	0
2959	42780.125	1
2960	42794.5625	0
2961	42809.0	1
2962	42823.4375	0
2963	42837.875	1
2964	42852.3125	1
2965	42866.75	0
2966	42881.1875	0
2967	42895.625	0
2968	42910.0625	1
2969	42924.5	1
2970	42938.9375	0
2971	42953.375	0
2972	42967.8125	0
2973	42982.25	0
2974	42996.6875	2
2975	43011.125	0
2976	43025.5625	1
2977	43040.0	3
2978	43054.4375	0
2979	43068.875	2
2980	43083.3125	4
2981	43097.75	1
2982	43112.1875	0
2983	43126.625	0
2984	43141.0625	1
2985	43155.5	2
2986	43169.9375	1
2987	43184.375	0
2988	43198.8125	1
2989	43213.25	0
2990	43227.6875	2
2991	43242.125	0
2992	43256.5625	0
2993	43271.0	2
2994	43285.4375	1
2995	43299.875	1
2996	43314.3125	3
2997	43328.75	1
2998	43343.1875	0
2999	43357.625	1
3000	43372.0625	0
3001	43386.5	1
3002	43400.9375	2
3003	43415.375	1
3004	43429.8125	1
3005	43444.25	0
3006	43458.6875	0
3007	43473.125	0
3008	43487.5625	1
3009	43502.0	1
3010	43516.4375	4
3011	43530.875	0
3012	43545.3125	1
3013	43559.75	0
3014	43574.1875	0
3015	43588.625	0
3016	43603.0625	1
3017	43617.5	0
3018	43631.9375	1
3019	43646.375	0
3020	43660.8125	1
3021	43675.25	0
3022	43689.6875	0
3023	43704.125	0
3024	43718.5625	1
3025	43733.0	1
3026	43747.4375	1
3027	43761.875	0
3028	43776.3125	2
3029	43790.75	0
3030	43805.1875	0
3031	43819.625	0
3032	43834.0625	0
3033	43848.5	1
3034	43862.9375	0
3035	43877.375	0
3036	43891.8125	1
3037	43906.25	3
3038	43920.6875	0
3039	43935.125	0
3040	43949.5625	1
3041	43964.0	0
3042	43978.4375	3
3043	43992.875	0
3044	44007.3125	2
3045	44021.75	0
3046	44036.1875	0
3047	44050.625	0
3048	44065.0625	0
3049	44079.5	0
3050	44093.9375	0
3051	44108.375	0
3052	44122.8125	2
3053	44137.25	2
3054	44151.6875	0
3055	44166.125	1
3056	44180.5625	1
3057	44195.0	1
3058	44209.4375	0
3059	44223.875	1
3060	44238.3125	0
3061	44252.75	1
3062	44267.1875	0
3063	44281.625	0
3064	44296.0625	0
3065	44310.5	1
3066	44324.9375	2
3067	44339.375	0
3068	44353.8125	2
3069	44368.25	2
3070	44382.6875	1
3071	44397.125	1
3072	44411.5625	2
3073	44426.0	1
3074	44440.4375	0
3075	44454.875	0
3076	44469.3125	1
3077	44483.75	1
3078	44498.1875	0
3079	44512.625	1
3080	44527.0625	0
3081	44541.5	0
3082	44555.9375	1
3083	44570.375	0
3084	44584.8125	0
3085	44599.25	1
3086	44613.6875	0
3087	44628.125	0
3088	44642.5625	1
3089	44657.0	1
3090	44671.4375	1
3091	44685.875	0
3092	44700.3125	1
3093	44714.75	0
3094	44729.1875	1
3095	44743.625	0
3096	44758.0625	0
3097	44772.5	0
3098	44786.9375	0
3099	44801.375	1
3100	44815.8125	0
3101	44830.25	0
3102	44844.6875	1
3103	44859.125	1
3104	44873.5625	0
3105	44888.0	0
3106	44902.4375	0
3107	44916.875	1
3108	44931.3125	0
3109	44945.75	1
3110	44960.1875	0
3111	44974.625	1
3112	44989.0625	0
3113	45003.5	0
3114	45017.9375	1
3115	45032.375	0
3116	45046.8125	0
3117	45061.25	0
3118	45075.6875	1
3119	45090.125	0
3120	45104.5625	3
3121	45119.0	0
3122	45133.4375	1
3123	45147.875	0
3124	45162.3125	0
3125	45176.75	1
3126	45191.1875	0
3127	45205.625	2
3128	45220.0625	1
3129	45234.5	0
3130	45248.9375	1
3131	45263.375	0
3132	45277.8125	1
3133	45292.25	1
3134	45306.6875	0
3135	45321.125	0
3136	45335.5625	1
3137	45350.0	0
3138	45364.4375	0
3139	45378.875	1
3140	45393.3125	0
3141	45407.75	0
3142	45422.1875	0
3143	45436.625	2
3144	45451.0625	2
3145	45465.5	0
3146	45479.9375	1
3147	45494.375	0
3148	45508.8125	1
3149	45523.25	0
3150	45537.6875	2
3151	45552.125	1
3152	45566.5625	0
3153	45581.0	0
3154	45595.4375	0
3155	45609.875	1
3156	45624.3125	0
3157	45638.75	1
3158	45653.1875	0
3159	45667.625	0
3160	45682.0625	0
3161	45696.5	0
3162	45710.9375	0
3163	45725.375	1
3164	45739.8125	1
3165	45754.25	0
3166	45768.6875	0
3167	45783.125	1
3168	45797.5625	0
3169	45812.0	1
3170	45826.4375	0
3171	45840.875	0
3172	45855.3125	0
3173	45869.75	1
3174	45884.1875	0
3175	45898.625	1
3176	45913.0625	0
3177	45927.5	0
3178	45941.9375	0
3179	45956.375	1
3180	45970.8125	0
3181	45985.25	0
3182	45999.6875	0
3183	46014.125	1
3184	46028.5625	0
3185	46043.0	0
3186	46057.4375	1
3187	46071.875	2
3188	46086.3125	0
3189	46100.75	0
3190	46115.1875	0
3191	46129.625	0
3192	46144.0625	0
3193	46158.5	1
3194	46172.9375	0
3195	46187.375	0
3196	46201.8125	0
3197	46216.25	0
3198	46230.6875	0
3199	46245.125	0
3200	46259.5625	0
3201	46274.0	0
3202	46288.4375	0
3203	46302.875	1
3204	46317.3125	0
3205	46331.75	1
3206	46346.1875	1
3207	46360.625	1
3208	46375.0625	1
3209	46389.5	0
3210	46403.9375	0
3211	46418.375	1
3212	46432.8125	1
3213	46447.25	1
3214	46461.6875	2
3215	46476.125	0
3216	46490.5625	0
3217	46505.0	0
3218	46519.4375	0
3219	46533.875	0
3220	46548.3125	2
3221	46562.75	0
3222	46577.1875	0
3223	46591.625	1
3224	46606.0625	1
3225	46620.5	0
3226	46634.9375	0
3227	46649.375	0
3228	46663.8125	0
3229	46678.25	0
3230	46692.6875	0
3231	46707.125	0
3232	46721.5625	0
3233	46736.0	1
3234	46750.4375	0
3235	46764.875	1
3236	46779.3125	0
3237	46793.75	0
3238	46808.1875	0
3239	46822.625	0
3240	46837.0625	2
3241	46851.5	2
3242	46865.9375	0
3243	46880.375	0
3244	46894.8125	1
3245	46909.25	0
3246	46923.6875	1
3247	46938.125	0
3248	46952.5625	0
3249	46967.0	0
3250	46981.4375	1
3251	46995.875	0
3252	47010.3125	0
3253	47024.75	1
3254	47039.1875	0
3255	47053.625	2
3256	47068.0625	1
3257	47082.5	0
3258	47096.9375	1
3259	47111.375	1
3260	47125.8125	0
3261	47140.25	0
3262	47154.6875	0
3263	47169.125	0
3264	47183.5625	0
3265	47198.0	0
3266	47212.4375	0
3267	47226.875	0
3268	47241.3125	0
3269	47255.75	1
3270	47270.1875	0
3271	47284.625	0
3272	47299.0625	2
3273	47313.5	0
3274	47327.9375	0
3275	47342.375	1
3276	47356.8125	1
3277	47371.25	1
3278	47385.6875	2
3279	47400.125	0
3280	47414.5625	0
3281	47429.0	0
3282	47443.4375	0
3283	47457.875	0
3284	47472.3125	0
3285	47486.75	0
3286	47501.1875	1
3287	47515.625	1
3288	47530.0625	0
3289	47544.5	1
3290	47558.9375	1
3291	47573.375	0
3292	47587.8125	0
3293	47602.25	1
3294	47616.6875	0
3295	47631.125	1
3296	47645.5625	0
3297	47660.0	0
3298	47674.4375	1
3299	47688.875	0
3300	47703.3125	1
3301	47717.75	1
3302	47732.1875	0
3303	47746.625	0
3304	47761.0625	0
3305	47775.5	1
3306	47789.9375	0
3307	47804.375	0
3308	47818.8125	0
3309	47833.25	0
3310	47847.6875	0
3311	47862.125	1
3312	47876.5625	0
3313	47891.0	0
3314	47905.4375	1
3315	47919.875	2
3316	47934.3125	0
3317	47948.75	1
3318	47963.1875	1
3319	47977.625	1
3320	47992.0625	1
3321	48006.5	0
3322	48020.9375	0
3323	48035.375	1
3324	48049.8125	0
3325	48064.25	0
3326	48078.6875	1
3327	48093.125	2
3328	48107.5625	1
3329	48122.0	0
3330	48136.4375	0
3331	48150.875	0
3332	48165.3125	0
3333	48179.75	0
3334	48194.1875	1
3335	48208.625	1
3336	48223.0625	1
3337	48237.5	1
3338	48251.9375	0
3339	48266.375	0
3340	48280.8125	0
3341	48295.25	0
3342	48309.6875	1
3343	48324.125	0
3344	48338.5625	0
3345	48353.0	0
3346	48367.4375	0
3347	48381.875	1
3348	48396.3125	0
3349	48410.75	0
3350	48425.1875	0
3351	48439.625	0
3352	48454.0625	0
3353	48468.5	0
3354	48482.9375	0
3355	48497.375	1
3356	48511.8125	1
3357	48526.25	1
3358	48540.6875	0
3359	48555.125	0
3360	48569.5625	0
3361	48584.0	0
3362	48598.4375	1
3363	48612.875	1
3364	48627.3125	0
3365	48641.75	1
3366	48656.1875	0
3367	48670.625	1
3368	48685.0625	0
3369	48699.5	1
3370	48713.9375	0
3371	48728.375	0
3372	48742.8125	0
3373	48757.25	0
3374	48771.6875	0
3375	48786.125	0
3376	48800.5625	0
3377	48815.0	0
3378	48829.4375	0
3379	48843.875	1
3380	48858.3125	0
3381	48872.75	1
3382	48887.1875	0
3383	48901.625	2
3384	48916.0625	0
3385	48930.5	0
3386	48944.9375	0
3387	48959.375	1
3388	48973.8125	0
3389	48988.25	0
3390	49002.6875	0
3391	49017.125	0
3392	49031.5625	0
3393	49046.0	0
3394	49060.4375	0
3395	49074.875	0
3396	49089.3125	1
3397	49103.75	0
3398	49118.1875	2
3399	49132.625	0
3400	49147.0625	0
3401	49161.5	0
3402	49175.9375	1
3403	49190.375	0
3404	49204.8125	0
3405	49219.25	0
3406	49233.6875	1
3407	49248.125	0
3408	49262.5625	0
3409	49277.0	0
3410	49291.4375	0
3411	49305.875	0
3412	49320.3125	0
3413	49334.75	0
3414	49349.1875	0
3415	49363.625	0
3416	49378.0625	0
3417	49392.5	1
3418	49406.9375	0
3419	49421.375	0
3420	49435.8125	0
3421	49450.25	0
3422	49464.6875	0
3423	49479.125	0
3424	49493.5625	0
3425	49508.0	1
3426	49522.4375	0
3427	49536.875	1
3428	49551.3125	0
3429	49565.75	0
3430	49580.1875	1
3431	49594.625	3
3432	49609.0625	0
3433	49623.5	0
3434	49637.9375	0
3435	49652.375	0
3436	49666.8125	0
3437	49681.25	0
3438	49695.6875	2
3439	49710.125	0
3440	49724.5625	1
3441	49739.0	0
3442	49753.4375	1
3443	49767.875	2
3444	49782.3125	0
3445	49796.75	0
3446	49811.1875	0
3447	49825.625	0
3448	49840.0625	0
3449	49854.5	0
3450	49868.9375	0
3451	49883.375	0
3452	49897.8125	1
3453	49912.25	0
3454	49926.6875	1
3455	49941.125	0
3456	49955.5625	0
3457	49970.0	0
3458	49984.4375	0
3459	49998.875	0
3460	50013.3125	3
3461	50027.75	1
3462	50042.1875	0
3463	50056.625	0
3464	50071.0625	0
3465	50085.5	1
3466	50099.9375	0
3467	50114.375	0
3468	50128.8125	0
3469	50143.25	0
3470	50157.6875	0
3471	50172.125	0
3472	50186.5625	1
3473	50201.0	0
3474	50215.4375	0
3475	50229.875	2
3476	50244.3125	0
3477	50258.75	0
3478	50273.1875	0
3479	50287.625	0
3480	50302.0625	0
3481	50316.5	0
3482	50330.9375	0
3483	50345.375	0
3484	50359.8125	0
3485	50374.25	0
3486	50388.6875	0
3487	50403.125	0
3488	50417.5625	0
3489	50432.0	0
3490	50446.4375	1
3491	50460.875	0
3492	50475.3125	0
3493	50489.75	4
3494	50504.1875	1
3495	50518.625	0
3496	50533.0625	3
3497	50547.5	1
3498	50561.9375	1
3499	50576.375	0
3500	50590.8125	1
3501	50605.25	0
3502	50619.6875	0
3503	50634.125	0
3504	50648.5625	2
3505	50663.0	0
3506	50677.4375	0
3507	50691.875	0
3508	50706.3125	0
3509	50720.75	3
3510	50735.1875	0
3511	50749.625	1
3512	50764.0625	0
3513	50778.5	0
3514	50792.9375	1
3515	50807.375	0
3516	50821.8125	0
3517	50836.25	0
3518	50850.6875	1
3519	50865.125	0
3520	50879.5625	0
3521	50894.0	2
3522	50908.4375	2
3523	50922.875	0
3524	50937.3125	1
3525	50951.75	0
3526	50966.1875	0
3527	50980.625	0
3528	50995.0625	0
3529	51009.5	0
3530	51023.9375	2
3531	51038.375	0
3532	51052.8125	0
3533	51067.25	1
3534	51081.6875	1
3535	51096.125	0
3536	51110.5625	0
3537	51125.0	0
3538	51139.4375	0
3539	51153.875	0
3540	51168.3125	0
3541	51182.75	0
3542	51197.1875	0
3543	51211.625	1
3544	51226.0625	0
3545	51240.5	1
3546	51254.9375	0
3547	51269.375	0
3548	51283.8125	1
3549	51298.25	0
3550	51312.6875	0
3551	51327.125	0
3552	51341.5625	0
3553	51356.0	2
3554	51370.4375	0
3555	51384.875	0
3556	51399.3125	1
3557	51413.75	0
3558	51428.1875	1
3559	51442.625	0
3560	51457.0625	1
3561	51471.5	1
3562	51485.9375	0
3563	51500.375	0
3564	51514.8125	1
3565	51529.25	0
3566	51543.6875	3
3567	51558.125	0
3568	51572.5625	0
3569	51587.0	0
3570	51601.4375	0
3571	51615.875	0
3572	51630.3125	1
3573	51644.75	0
3574	51659.1875	0
3575	51673.625	0
3576	51688.0625	1
3577	51702.5	1
3578	51716.9375	0
3579	51731.375	1
3580	51745.8125	1
3581	51760.25	0
3582	51774.6875	2
3583	51789.125	1
3584	51803.5625	0
3585	51818.0	0
3586	51832.4375	0
3587	51846.875	0
3588	51861.3125	0
3589	51875.75	0
3590	51890.1875	0
3591	51904.625	0
3592	51919.0625	0
3593	51933.5	0
3594	51947.9375	1
3595	51962.375	0
3596	51976.8125	0
3597	51991.25	0
3598	52005.6875	0
3599	52020.125	1
3600	52034.5625	1
3601	52049.0	0
3602	52063.4375	0
3603	52077.875	0
3604	52092.3125	0
3605	52106.75	0
3606	52121.1875	1
3607	52135.625	1
3608	52150.0625	0
3609	52164.5	0
3610	52178.9375	0
3611	52193.375	1
3612	52207.8125	0
3613	52222.25	1
3614	52236.6875	1
3615	52251.125	0
3616	52265.5625	2
3617	52280.0	0
3618	52294.4375	1
3619	52308.875	1
3620	52323.3125	1
3621	52337.75	0
3622	52352.1875	0
3623	52366.625	0
3624	52381.0625	0
3625	52395.5	0
3626	52409.9375	0
3627	52424.375	1
3628	52438.8125	0
3629	52453.25	1
3630	52467.6875	0
3631	52482.125	0
3632	52496.5625	0
3633	52511.0	0
3634	52525.4375	0
3635	52539.875	0
3636	52554.3125	0
3637	52568.75	0
3638	52583.1875	0
3639	52597.625	1
3640	52612.0625	1
3641	52626.5	1
3642	52640.9375	0
3643	52655.375	1
3644	52669.8125	0
3645	52684.25	1
3646	52698.6875	1
3647	52713.125	0
3648	52727.5625	0
3649	52742.0	0
3650	52756.4375	0
3651	52770.875	1
3652	52785.3125	0
3653	52799.75	0
3654	52814.1875	1
3655	52828.625	0
3656	52843.0625	0
3657	52857.5	0
3658	52871.9375	0
3659	52886.375	0
3660	52900.8125	0
3661	52915.25	0
3662	52929.6875	1
3663	52944.125	0
3664	52958.5625	0
3665	52973.0	0
3666	52987.4375	0
3667	53001.875	0
3668	53016.3125	0
3669	53030.75	2
3670	53045.1875	1
3671	53059.625	0
3672	53074.0625	0
3673	53088.5	0
3674	53102.9375	1
3675	53117.375	1
3676	53131.8125	0
3677	53146.25	0
3678	53160.6875	0
3679	53175.125	0
3680	53189.5625	0
3681	53204.0	4
3682	53218.4375	1
3683	53232.875	0
3684	53247.3125	0
3685	53261.75	0
3686	53276.1875	0
3687	53290.625	0
3688	53305.0625	0
3689	53319.5	1
3690	53333.9375	0
3691	53348.375	0
3692	53362.8125	0
3693	53377.25	2
3694	53391.6875	0
3695	53406.125	0
3696	53420.5625	2
3697	53435.0	0
3698	53449.4375	0
3699	53463.875	0
3700	53478.3125	0
3701	53492.75	0
3702	53507.1875	0
3703	53521.625	0
3704	53536.0625	0
3705	53550.5	0
3706	53564.9375	0
3707	53579.375	0
3708	53593.8125	0
3709	53608.25	1
3710	53622.6875	1
3711	53637.125	0
3712	53651.5625	0
3713	53666.0	0
3714	53680.4375	0
3715	53694.875	0
3716	53709.3125	1
3717	53723.75	1
3718	53738.1875	1
3719	53752.625	2
3720	53767.0625	0
3721	53781.5	0
3722	53795.9375	0
3723	53810.375	0
3724	53824.8125	0
3725	53839.25	1
3726	53853.6875	0
3727	53868.125	0
3728	53882.5625	0
3729	53897.0	1
3730	53911.4375	1
3731	53925.875	0
3732	53940.3125	1
3733	53954.75	0
3734	53969.1875	0
3735	53983.625	0
3736	53998.0625	2
3737	54012.5	1
3738	54026.9375	1
3739	54041.375	0
3740	54055.8125	0
3741	54070.25	0
3742	54084.6875	0
3743	54099.125	1
3744	54113.5625	0
3745	54128.0	1
3746	54142.4375	1
3747	54156.875	0
3748	54171.3125	0
3749	54185.75	0
3750	54200.1875	0
3751	54214.625	0
3752	54229.0625	1
3753	54243.5	0
3754	54257.9375	0
3755	54272.375	0
3756	54286.8125	0
3757	54301.25	0
3758	54315.6875	0
3759	54330.125	0
3760	54344.5625	1
3761	54359.0	0
3762	54373.4375	0
3763	54387.875	0
3764	54402.3125	0
3765	54416.75	0
3766	54431.1875	0
3767	54445.625	0
3768	54460.0625	0
3769	54474.5	0
3770	54488.9375	0
3771	54503.375	0
3772	54517.8125	0
3773	54532.25	0
3774	54546.6875	0
3775	54561.125	0
3776	54575.5625	0
3777	54590.0	0
3778	54604.4375	0
3779	54618.875	0
3780	54633.3125	0
3781	54647.75	1
3782	54662.1875	0
3783	54676.625	1
3784	54691.0625	1
3785	54705.5	1
3786	54719.9375	1
3787	54734.375	0
3788	54748.8125	1
3789	54763.25	0
3790	54777.6875	0
3791	54792.125	0
3792	54806.5625	1
3793	54821.0	0
3794	54835.4375	0
3795	54849.875	0
3796	54864.3125	0
3797	54878.75	0
3798	54893.1875	1
3799	54907.625	0
3800	54922.0625	1
3801	54936.5	0
3802	54950.9375	0
3803	54965.375	1
3804	54979.8125	0
3805	54994.25	0
3806	55008.6875	1
3807	55023.125	0
3808	55037.5625	0
3809	55052.0	0
3810	55066.4375	0
3811	55080.875	0
3812	55095.3125	0
3813	55109.75	1
3814	55124.1875	1
3815	55138.625	0
3816	55153.0625	1
3817	55167.5	0
3818	55181.9375	0
3819	55196.375	2
3820	55210.8125	0
3821	55225.25	0
3822	55239.6875	0
3823	55254.125	1
3824	55268.5625	0
3825	55283.0	0
3826	55297.4375	0
3827	55311.875	0
3828	55326.3125	0
3829	55340.75	0
3830	55355.1875	1
3831	55369.625	0
3832	55384.0625	0
3833	55398.5	1
3834	55412.9375	0
3835	55427.375	0
3836	55441.8125	0
3837	55456.25	0
3838	55470.6875	0
3839	55485.125	0
3840	55499.5625	0
3841	55514.0	0
3842	55528.4375	0
3843	55542.875	0
3844	55557.3125	0
3845	55571.75	0
3846	55586.1875	0
3847	55600.625	2
3848	55615.0625	0
3849	55629.5	0
3850	55643.9375	0
3851	55658.375	1
3852	55672.8125	0
3853	55687.25	0
3854	55701.6875	1
3855	55716.125	0
3856	55730.5625	0
3857	55745.0	0
3858	55759.4375	0
3859	55773.875	0
3860	55788.3125	0
3861	55802.75	1
3862	55817.1875	0
3863	55831.625	0
3864	55846.0625	0
3865	55860.5	0
3866	55874.9375	0
3867	55889.375	0
3868	55903.8125	0
3869	55918.25	0
3870	55932.6875	0
3871	55947.125	0
3872	55961.5625	0
3873	55976.0	0
3874	55990.4375	0
3875	56004.875	0
3876	56019.3125	0
3877	56033.75	0
3878	56048.1875	0
3879	56062.625	0
3880	56077.0625	0
3881	56091.5	0
3882	56105.9375	0
3883	56120.375	0
3884	56134.8125	0
3885	56149.25	0
3886	56163.6875	0
3887	56178.125	0
3888	56192.5625	0
3889	56207.0	0
3890	56221.4375	0
3891	56235.875	0
3892	56250.3125	0
3893	56264.75	0
3894	56279.1875	0
3895	56293.625	0
3896	56308.0625	0
3897	56322.5	0
3898	56336.9375	0
3899	56351.375	0
3900	56365.8125	0
3901	56380.25	0
3902	56394.6875	0
3903	56409.125	0
3904	56423.5625	0
3905	56438.0	1
3906	56452.4375	0
3907	56466.875	0
3908	56481.3125	0
3909	56495.75	0
3910	56510.1875	0
3911	56524.625	0
3912	56539.0625	0
3913	56553.5	0
3914	56567.9375	0
3915	56582.375	0
3916	56596.8125	0
3917	56611.25	0
3918	56625.6875	0
3919	56640.125	0
3920	56654.5625	0
3921	56669.0	0
3922	56683.4375	0
3923	56697.875	0
3924	56712.3125	0
3925	56726.75	0
3926	56741.1875	0
3927	56755.625	0
3928	56770.0625	0
3929	56784.5	0
3930	56798.9375	0
3931	56813.375	0
3932	56827.8125	0
3933	56842.25	0
3934	56856.6875	0
3935	56871.125	0
3936	56885.5625	0
3937	56900.0	0
3938	56914.4375	0
3939	56928.875	0
3940	56943.3125	0
3941	56957.75	0
3942	56972.1875	0
3943	56986.625	0
3944	57001.0625	0
3945	57015.5	0
3946	57029.9375	0
3947	57044.375	0
3948	57058.8125	0
3949	57073.25	0
3950	57087.6875	0
3951	57102.125	0
3952	57116.5625	0
3953	57131.0	0
3954	57145.4375	0
3955	57159.875	0
3956	57174.3125	0
3957	57188.75	0
3958	57203.1875	0
3959	57217.625	0
3960	57232.0625	0
3961	57246.5	0
3962	57260.9375	0
3963	57275.375	0
3964	57289.8125	0
3965	57304.25	0
3966	57318.6875	0
3967	57333.125	0
3968	57347.5625	0
3969	57362.0	0
3970	57376.4375	0
3971	57390.875	0
3972	57405.3125	0
3973	57419.75	0
3974	57434.1875	0
3975	57448.625	0
3976	57463.0625	0
3977	57477.5	0
3978	57491.9375	0
3979	57506.375	0
3980	57520.8125	0
3981	57535.25	0
3982	57549.6875	0
3983	57564.125	0
3984	57578.5625	0
3985	57593.0	0
3986	57607.4375	0
3987	57621.875	0
3988	57636.3125	0
3989	57650.75	0
3990	57665.1875	0
3991	57679.625	0
3992	57694.0625	0
3993	57708.5	0
3994	57722.9375	0
3995	57737.375	0
3996	57751.8125	0
3997	57766.25	0
3998	57780.6875	0
3999	57795.125	0
4000	57809.5625	0
4001	57824.0	0
4002	57838.4375	0
4003	57852.875	0
4004	57867.3125	0
4005	57881.75	0
4006	57896.1875	0
4007	57910.625	0
4008	57925.0625	0
4009	57939.5	0
4010	57953.9375	0
4011	57968.375	0
4012	57982.8125	0
4013	57997.25	0
4014	58011.6875	0
4015	58026.125	0
4016	58040.5625	0
4017	58055.0	0
4018	58069.4375	0
4019	58083.875	0
4020	58098.3125	0
4021	58112.75	0
4022	58127.1875	0
4023	58141.625	0
4024	58156.0625	0
4025	58170.5	0
4026	58184.9375	0
4027	58199.375	0
4028	58213.8125	0
4029	58228.25	0
4030	58242.6875	0
4031	58257.125	0
4032	58271.5625	0
4033	58286.0	0
4034	58300.4375	0
4035	58314.875	0
4036	58329.3125	0
4037	58343.75	0
4038	58358.1875	0
4039	58372.625	0
4040	58387.0625	0
4041	58401.5	0
4042	58415.9375	0
4043	58430.375	0
4044	58444.8125	0
4045	58459.25	0
4046	58473.6875	0
4047	58488.125	0
4048	58502.5625	0
4049	58517.0	0
4050	58531.4375	0
4051	58545.875	0
4052	58560.3125	0
4053	58574.75	0
4054	58589.1875	0
4055	58603.625	0
4056	58618.0625	0
4057	58632.5	0
4058	58646.9375	0
4059	58661.375	0
4060	58675.8125	0
4061	58690.25	0
4062	58704.6875	0
4063	58719.125	0
4064	58733.5625	0
4065	58748.0	0
4066	58762.4375	0
4067	58776.875	0
4068	58791.3125	0
4069	58805.75	0
4070	58820.1875	0
4071	58834.625	0
4072	58849.0625	0
4073	58863.5	0
4074	58877.9375	0
4075	58892.375	0
4076	58906.8125	0
4077	58921.25	0
4078	58935.6875	0
4079	58950.125	0
4080	58964.5625	0
4081	58979.0	0
4082	58993.4375	0
4083	59007.875	0
4084	59022.3125	0
4085	59036.75	0
4086	59051.1875	0
4087	59065.625	0
4088	59080.0625	0
4089	59094.5	0
4090	59108.9375	0
4091	59123.375	0
4092	59137.8125	0
4093	59152.25	0
4094	59166.6875	0
4095	59181.125	0
gies:	1460.0	2615.0
Elapsed Real Time:	321219.0
Elapsed Live Time:	321207.0
Start Time:
End Time:
ROIs:
ROI:	Low	